,Laptop Accessories,Computers &amp; Tablets,Computers & Tablets,Tablet Accessories,Mounts,Data Storage,Covers,Computer Components,Servers,Projection Screens,Computer Accessories & Peripherals,"Batteries, Chargers & Accessories",Computer Accessories &amp; Peripherals,Audio & Video Accessories,Monitors,Surveillance Video Equipment,Networking Products,Portable Speakers & Docks,Speakers
0,0,1,0,0,0,0,0,0,0,0,0,0,0,0,0,0,0,0,0
1,1,1,1,0,1,0,0,0,1,0,1,0,0,0,1,1,1,1,0
2,0,1,0,0,0,0,0,0,0,0,0,0,0,0,0,0,0,0,0
3,0,0,0,0,0,1,1,0,0,0,0,0,0,0,0,0,0,0,0
4,1,0,0,1,0,0,0,0,0,0,1,0,0,1,0,0,0,0,0
5,0,0,1,1,1,0,0,1,0,0,0,0,1,1,1,1,1,1,0
6,0,0,0,1,0,1,0,0,0,0,0,1,0,0,0,0,0,0,0
7,0,0,0,0,0,0,0,0,0,0,0,0,0,0,0,1,0,0,0
8,0,1,1,0,0,0,0,0,1,0,0,1,0,0,1,0,0,0,0
9,0,0,0,0,0,1,0,0,0,0,0,0,0,0,0,0,0,0,0
10,0,1,0,1,0,1,0,1,0,1,1,0,1,0,0,0,1,0,0
11,0,1,0,0,0,1,0,0,1,0,1,1,1,1,1,0,0,0,0
12,0,0,0,0,0,0,0,1,1,0,0,0,0,0,0,0,0,0,0
13,0,0,1,1,0,1,0,0,1,1,0,0,1,1,0,0,0,0,0
14,0,0,0,0,1,1,0,0,1,1,1,0,1,1,1,0,0,1,1
15,0,0,1,0,0,0,1,0,0,0,0,0,1,0,0,0,0,0,0
16,1,0,1,0,0,1,0,0,0,0,0,0,0,0,1,0,1,0,0
17,0,0,1,0,0,1,0,1,0,1,0,1,1,1,0,1,0,1,0
18,0,0,0,0,0,0,1,0,0,0,0,0,0,0,0,0,0,0,0
19,0,1,0,0,0,0,0,1,0,0,1,0,0,0,0,0,0,0,0
20,0,0,0,0,0,0,0,0,1,0,0,0,1,0,0,0,0,0,0
21,0,1,1,1,1,0,0,1,0,0,0,1,0,1,0,1,0,1,1
22,0,0,1,1,1,1,0,0,0,1,1,1,0,0,0,0,1,1,1
23,1,0,1,1,0,1,0,1,0,1,0,1,0,1,1,0,0,0,0
24,1,1,1,1,0,1,0,0,0,1,1,0,0,0,0,1,0,1,1
25,0,0,1,0,0,1,0,1,0,0,1,0,0,0,0,1,1,0,0
26,1,0,1,1,0,0,0,0,1,0,1,0,1,1,1,1,1,0,0
27,0,0,1,0,1,1,1,0,0,0,0,0,0,1,1,0,0,0,1
28,0,0,0,0,0,0,0,1,0,0,0,0,0,0,0,0,0,0,0
29,0,0,0,0,0,0,1,0,0,1,1,1,0,0,0,1,0,0,0
30,0,0,0,0,0,1,1,0,0,0,1,1,0,1,1,1,1,1,1
31,0,0,0,0,0,0,0,1,0,0,1,0,1,1,1,1,1,0,0
32,0,0,0,0,0,1,0,0,0,0,0,0,0,0,0,0,0,0,0
33,0,0,0,0,0,0,0,0,0,0,0,0,1,0,0,0,0,0,0
34,0,0,1,1,0,0,1,1,1,0,0,0,1,0,0,0,0,1,1
35,0,0,1,0,1,0,1,0,1,1,1,1,0,0,0,1,0,0,0
36,1,0,0,0,0,1,0,0,0,0,0,0,0,1,0,0,1,0,1
37,0,0,0,0,0,0,0,1,0,1,1,0,0,0,0,0,0,0,1
38,0,0,0,0,0,0,0,1,0,0,0,0,1,1,1,0,1,1,1
39,1,1,0,0,0,0,0,1,0,1,0,0,0,0,0,0,0,1,1
40,0,0,0,0,0,0,1,0,0,0,0,0,0,0,0,0,0,0,0
41,0,1,0,0,0,0,0,1,0,1,0,1,0,1,1,0,1,0,0
42,0,0,0,1,0,1,0,0,0,1,0,0,0,0,0,0,0,1,0
43,1,0,1,0,0,1,0,0,1,0,0,0,0,0,0,0,0,0,0
44,0,0,0,0,1,0,0,0,0,0,0,0,1,0,0,0,0,0,1
45,1,1,0,1,0,1,0,0,1,1,1,1,0,0,1,0,0,1,0
46,0,0,0,0,0,0,0,0,0,0,0,0,1,0,0,0,0,0,0
47,1,0,1,0,1,0,0,1,0,0,1,0,1,0,0,0,1,1,0
48,0,0,0,1,0,0,0,1,0,0,0,0,0,0,0,0,1,1,0
49,0,0,1,0,1,0,0,0,0,0,0,0,0,0,0,1,0,1,0
50,0,0,1,1,1,0,0,1,1,0,1,0,0,0,1,1,0,0,1
51,0,1,1,0,1,0,0,0,0,0,0,0,1,0,0,0,0,1,0
52,0,0,1,1,0,0,1,0,0,1,1,0,1,1,0,1,0,0,0
53,1,1,0,0,0,0,0,1,0,0,0,1,0,1,0,0,1,0,1
54,1,0,0,0,0,1,0,0,0,0,1,0,0,1,1,1,1,0,0
55,0,0,0,0,1,0,1,0,1,0,0,0,0,0,0,1,0,0,0
56,0,0,1,0,0,0,0,0,0,0,0,0,0,0,0,1,1,0,0
57,0,1,1,0,0,0,1,1,1,1,0,0,1,1,1,0,1,0,0
58,0,1,1,0,1,1,1,1,0,0,1,0,0,0,0,1,0,0,0
59,0,0,0,0,0,0,0,1,0,0,1,1,1,1,1,0,1,0,1
60,0,1,0,0,0,0,0,0,0,0,0,0,0,1,0,0,0,0,0
61,0,0,1,1,1,1,0,0,0,1,1,1,0,1,1,0,0,0,0
62,0,1,0,1,0,1,0,1,0,0,0,1,0,0,1,0,1,0,0
63,0,1,0,0,0,0,1,0,1,1,1,1,0,0,0,1,1,0,0
64,0,0,1,0,1,0,0,0,1,0,0,0,0,0,1,1,0,0,0
65,0,0,0,0,0,0,0,1,0,0,0,0,0,0,0,0,0,0,0
66,1,0,0,1,1,0,1,1,1,0,1,0,0,1,1,0,0,1,0
67,0,0,0,0,1,0,0,0,0,0,0,0,0,0,0,0,0,0,0
68,0,0,0,0,0,0,1,0,0,0,0,1,0,0,0,0,0,0,0
69,0,1,0,1,0,0,0,0,0,0,0,1,0,0,1,0,1,1,0
70,0,0,1,1,1,0,0,0,0,0,0,1,0,0,0,0,1,0,1
71,0,1,0,0,1,0,0,0,1,0,0,0,0,0,0,0,0,1,0
72,1,1,0,0,0,0,1,0,0,0,1,1,0,1,1,0,0,0,0
73,0,1,0,0,0,1,0,0,1,0,1,1,0,0,0,1,1,0,0
74,0,0,0,0,1,0,0,0,0,0,0,0,0,0,0,0,0,1,0
75,0,1,0,0,0,0,1,0,1,1,0,0,0,0,0,0,0,0,1
76,1,0,1,0,1,0,0,0,0,1,0,0,0,0,1,0,1,0,1
77,0,0,0,0,0,0,0,0,0,1,0,0,0,0,0,0,0,0,0
78,0,0,0,1,0,0,0,0,1,1,1,1,1,0,1,0,1,1,1
79,0,0,0,0,0,0,1,0,0,0,0,0,1,0,0,0,0,0,0
80,0,0,0,0,0,0,0,0,0,0,0,0,1,0,0,0,0,0,0
81,0,0,0,0,0,0,0,0,1,0,0,1,0,1,0,0,0,0,0
82,0,0,0,0,1,0,0,0,0,0,1,0,0,1,0,0,0,0,0
83,0,1,1,1,0,1,1,0,1,0,0,0,0,0,1,0,0,0,0
84,1,0,1,0,0,0,1,0,1,0,1,0,1,1,1,1,0,0,0
85,0,0,0,1,0,0,0,0,1,1,0,1,1,1,0,1,1,0,0
86,0,0,0,0,0,0,0,0,0,1,0,0,1,0,0,0,0,0,0
87,0,0,0,0,0,0,0,0,0,0,0,0,1,0,0,0,0,0,0
88,1,0,1,0,1,0,0,1,0,0,1,0,1,1,1,1,1,0,0
89,0,0,0,0,1,0,0,1,0,1,1,1,0,1,1,0,0,0,1
90,0,0,1,0,0,0,0,1,0,1,1,1,0,1,1,0,0,0,0
91,1,0,0,0,1,0,1,0,0,0,0,0,0,1,1,0,0,1,0
92,1,0,1,1,1,1,0,0,0,1,0,0,0,0,1,0,1,0,0
93,0,1,0,1,1,1,0,1,0,0,0,1,0,0,0,1,0,0,1
94,0,0,0,0,0,0,0,0,0,1,0,0,0,0,0,0,0,0,0
95,0,0,0,0,0,0,0,1,1,0,0,0,0,0,0,0,0,0,0
96,0,1,0,0,0,0,0,0,0,0,0,0,1,0,0,0,1,1,0
97,0,1,0,0,0,1,1,0,0,0,1,0,0,0,0,0,0,1,0
98,1,0,0,0,1,0,0,0,0,1,0,1,0,1,1,0,0,0,0
99,1,0,0,1,1,0,0,1,0,1,0,0,0,0,0,0,0,0,1
100,0,0,1,0,0,0,0,0,0,0,1,0,0,0,0,0,1,0,0
101,1,0,0,1,0,1,1,0,1,1,0,0,1,0,1,1,0,1,0
102,1,1,1,0,1,1,0,0,0,1,0,0,1,0,0,0,1,1,0
103,0,0,0,0,0,0,1,0,0,0,0,0,0,0,0,0,0,0,0
104,0,1,1,0,0,0,0,1,0,1,0,1,1,0,0,0,1,1,0
105,0,0,0,1,0,1,1,1,1,0,1,1,0,0,0,1,0,0,1
106,0,0,0,0,0,0,0,0,0,1,0,0,0,0,0,0,0,1,0
107,0,0,0,1,0,1,0,0,0,0,0,1,0,0,0,0,0,0,0
108,0,1,0,0,0,0,0,0,0,0,0,0,1,0,0,0,0,1,0
109,1,0,1,0,0,1,0,0,0,0,1,0,0,0,1,1,0,0,1
110,0,0,0,1,0,0,0,1,1,0,0,0,0,0,0,0,0,0,1
111,0,1,0,0,0,1,0,0,0,1,0,1,1,0,1,1,1,0,0
112,0,1,0,0,0,0,0,0,0,0,0,0,0,0,0,1,0,0,0
113,1,1,0,0,0,1,0,0,0,0,0,1,1,1,0,1,1,0,0
114,0,1,0,0,1,0,0,1,1,1,1,0,1,0,0,0,0,1,0
115,0,0,0,0,0,0,0,1,0,0,0,0,0,0,0,0,0,0,0
116,0,0,0,0,0,0,0,0,0,0,0,0,0,0,0,0,0,1,0
117,1,0,1,0,1,1,1,0,0,1,0,1,1,0,0,0,0,0,0
118,1,0,1,1,1,1,0,0,0,0,0,1,1,0,1,1,0,1,0
119,1,0,0,0,1,1,0,0,1,1,0,0,1,1,0,0,0,0,0
120,1,0,1,1,1,0,0,0,0,1,1,0,0,0,0,1,0,1,0
121,0,0,1,0,0,0,0,0,0,0,0,0,0,0,0,0,0,1,1
122,0,1,0,0,0,1,0,0,0,0,0,0,0,0,0,0,0,1,0
123,1,0,0,0,0,1,1,0,0,0,1,0,1,1,1,0,1,0,1
124,1,1,0,0,0,1,1,0,0,1,0,1,0,0,0,0,0,0,1
125,0,0,0,0,0,1,1,0,1,1,1,1,0,1,0,0,0,0,0
126,1,0,0,1,0,0,0,0,1,0,1,0,1,1,1,0,1,0,0
127,0,0,1,0,1,0,0,0,1,0,0,0,0,0,1,0,0,1,0
128,0,0,1,1,0,0,0,1,0,0,1,0,0,1,1,1,1,1,1
129,0,0,1,0,0,1,0,0,0,0,1,0,0,0,0,1,0,1,0
130,0,0,1,0,0,0,1,0,0,0,0,1,0,0,0,1,0,0,0
131,0,0,0,0,0,1,0,0,0,1,0,0,0,0,0,0,0,1,0
132,1,0,1,0,0,0,1,0,0,0,1,0,0,1,1,0,0,0,0
133,1,0,1,1,0,0,1,1,1,1,0,0,0,1,0,0,1,0,1
134,0,0,0,0,1,0,0,0,1,0,0,1,0,0,0,0,0,0,0
135,0,0,1,1,1,1,1,0,0,0,1,1,0,0,0,0,0,1,0
136,1,1,1,1,1,0,1,0,0,0,1,0,1,1,0,0,0,0,0
137,1,0,0,0,0,0,1,1,0,1,1,0,0,0,0,0,0,0,1
138,0,1,0,0,1,0,0,0,0,0,0,1,1,1,0,0,0,0,0
139,1,0,0,1,1,1,0,0,1,0,1,0,1,0,1,0,0,0,0
140,0,0,0,0,0,0,0,0,0,0,1,0,1,0,0,0,0,0,1
141,1,1,0,0,1,0,0,1,0,0,0,0,0,1,1,0,0,1,1
142,0,0,0,1,0,1,0,0,0,0,0,1,0,0,0,0,0,0,1
143,0,0,0,0,0,0,0,0,0,1,0,0,0,0,0,0,0,1,0
144,0,1,1,0,0,0,0,1,0,0,0,0,0,0,0,1,0,1,0
145,0,0,0,0,1,0,0,0,0,0,0,0,0,0,0,1,1,0,0
146,1,1,1,1,0,0,1,1,0,1,1,0,0,1,0,0,0,1,0
147,0,0,0,1,0,0,0,0,1,0,0,0,0,0,0,0,0,0,0
148,1,1,0,0,0,0,0,0,1,0,1,0,1,0,0,0,1,0,1
149,0,0,1,0,0,0,0,0,0,0,0,0,0,0,1,0,0,0,0
150,1,0,1,0,0,0,0,1,0,1,1,1,1,0,0,0,0,0,0
151,0,0,1,1,1,0,0,0,1,0,0,1,0,0,0,1,1,1,1
152,1,1,1,0,1,1,1,0,0,1,1,1,0,0,0,0,0,0,1
153,0,0,1,0,1,0,0,0,1,0,0,0,1,0,0,0,0,1,0
154,0,1,0,0,1,0,1,0,0,1,0,0,0,0,0,0,0,0,1
155,0,0,0,0,1,0,0,0,0,0,0,0,0,0,0,0,0,0,0
156,0,0,1,0,0,1,0,1,1,1,0,1,0,0,0,1,0,1,1
157,0,1,0,0,1,1,1,0,1,1,1,0,0,0,0,0,1,0,0
158,0,0,0,0,1,1,1,0,1,0,0,0,0,1,0,1,0,0,0
159,0,0,0,0,0,0,0,0,0,0,0,1,0,0,0,0,0,0,0
160,0,0,0,0,0,0,1,0,0,0,0,0,0,0,1,1,0,0,0
161,0,0,0,1,0,0,1,0,1,0,1,0,0,0,0,0,1,0,1
162,0,1,0,1,0,1,0,1,0,1,0,0,1,0,1,1,1,0,0
163,0,0,0,0,0,0,1,0,0,0,0,0,0,0,1,0,0,0,0
164,0,1,1,1,0,1,0,1,0,1,0,1,0,0,1,0,0,0,1
165,0,1,0,0,0,1,0,0,0,0,0,0,0,0,0,0,0,0,0
166,0,0,0,0,0,0,0,0,0,1,0,0,0,0,0,0,0,0,0
167,0,1,1,1,0,0,0,1,0,0,0,1,0,0,0,0,1,1,1
168,0,0,0,1,0,0,0,0,0,0,0,0,0,0,0,0,0,0,0
169,1,0,0,0,0,0,1,1,0,1,1,0,1,0,1,1,0,1,1
170,0,0,0,0,0,0,0,0,0,0,0,0,0,1,0,1,0,0,0
171,0,0,1,0,0,0,1,1,1,0,0,1,1,0,1,1,0,0,0
172,0,0,1,1,0,0,0,0,0,0,1,0,0,1,0,0,1,0,1
173,0,1,0,0,1,1,0,0,1,1,0,1,1,0,0,0,0,1,1
174,1,0,1,0,1,1,0,0,1,0,1,0,1,1,1,1,0,0,0
175,0,0,0,0,0,0,0,0,1,0,0,0,0,1,0,0,1,0,0
176,0,0,0,1,1,0,0,0,0,1,0,0,1,0,1,1,1,0,1
177,0,0,0,0,0,0,0,1,1,1,0,0,1,0,0,1,0,1,1
178,1,1,0,1,1,1,1,1,0,0,1,0,0,0,0,0,0,0,1
179,0,0,0,0,0,0,0,0,0,0,0,0,0,0,1,0,0,0,0
180,1,0,0,0,0,0,0,0,0,0,0,1,0,0,1,0,1,1,0
181,1,1,0,0,0,0,0,0,0,0,0,0,0,0,0,0,0,1,1
182,0,0,1,0,0,0,1,0,0,1,0,0,0,0,0,0,0,0,0
183,0,1,0,0,0,1,0,1,0,0,0,0,0,1,1,0,1,0,0
184,1,1,0,0,1,1,1,0,0,0,0,1,1,1,0,0,0,0,0
185,1,0,0,1,0,1,0,0,0,1,1,0,1,0,0,0,0,1,0
186,1,1,1,0,0,0,1,0,0,1,0,1,1,0,1,0,0,0,1
187,0,0,0,0,0,0,0,0,1,1,0,0,0,0,0,0,0,0,1
188,0,0,0,0,1,0,0,1,0,1,0,1,0,0,0,0,1,0,0
189,0,1,0,1,1,0,0,1,0,1,0,0,0,1,0,0,1,0,0
190,0,0,0,0,1,0,0,0,0,0,1,1,1,1,0,1,1,1,1
191,1,1,1,0,0,1,0,0,0,0,0,1,0,0,0,0,1,0,0
192,0,0,0,0,0,1,0,1,0,0,0,0,0,0,0,0,0,0,0
193,0,0,0,1,0,1,0,0,0,0,0,0,0,1,0,0,0,0,0
194,0,0,0,0,0,1,0,0,0,0,0,0,1,1,0,0,0,0,1
195,0,1,0,1,1,1,0,0,0,1,0,1,0,0,1,1,1,0,1
196,0,1,0,1,0,0,0,0,1,0,0,0,0,0,0,0,0,0,0
197,1,0,1,1,1,0,1,0,0,0,1,1,1,0,0,0,1,0,1
198,0,0,1,1,0,1,0,1,0,1,0,1,0,1,1,0,0,0,1
199,0,1,0,0,0,1,0,1,0,1,0,0,0,0,0,1,0,0,0
200,1,0,0,1,0,1,0,1,0,0,0,0,1,0,0,0,0,0,1
201,0,0,0,0,0,0,0,0,1,0,0,0,0,0,0,0,0,0,0
202,0,1,0,0,0,0,0,0,0,0,0,0,0,0,0,1,0,0,0
203,0,0,0,0,0,0,0,0,0,0,0,1,0,0,1,0,0,0,1
204,0,0,0,0,0,0,1,0,0,0,1,1,0,0,0,0,0,0,0
205,1,0,0,1,1,0,0,0,1,1,1,0,0,0,0,0,0,0,0
206,1,0,0,0,1,1,0,1,0,0,1,0,1,0,1,1,1,0,1
207,1,1,1,0,0,0,1,1,0,0,0,1,0,1,1,1,0,0,1
208,0,0,0,0,1,0,0,0,0,0,1,0,0,0,1,0,0,0,0
209,0,0,0,0,0,0,0,0,0,0,1,0,0,0,0,0,0,0,0
210,0,0,0,0,0,0,0,0,0,0,0,0,0,1,0,0,0,1,0
211,0,0,0,0,0,0,0,0,0,0,0,1,0,0,0,0,0,0,0
212,1,1,1,0,0,1,0,0,1,1,1,1,0,0,0,1,1,0,0
213,1,1,0,0,1,0,1,0,0,0,0,1,0,0,0,0,1,0,1
214,1,0,0,0,0,1,1,0,0,1,1,1,0,0,1,0,0,1,1
215,0,0,0,0,0,1,0,0,1,1,0,0,0,0,0,1,0,1,0
216,1,1,0,0,0,0,0,0,1,0,0,1,1,1,1,1,0,0,0
217,0,0,0,1,0,0,0,0,0,0,0,0,0,0,0,0,0,1,0
218,0,0,0,0,1,0,1,0,1,1,1,0,1,0,0,0,0,0,1
219,0,0,1,0,0,0,0,1,0,0,0,0,0,0,0,0,0,0,0
220,0,1,0,1,1,0,1,0,0,0,1,0,1,1,1,0,1,1,0
221,0,0,0,0,0,0,0,1,0,1,1,0,1,0,1,1,0,0,1
222,0,0,0,0,0,0,1,1,0,0,1,0,1,0,1,1,0,1,1
223,0,1,0,1,1,1,0,0,0,1,0,0,1,0,0,1,0,1,0
224,0,0,0,0,0,0,1,1,1,0,0,1,1,1,1,0,0,0,1
225,0,0,0,1,0,0,0,0,0,1,0,0,0,0,0,1,0,0,0
226,1,0,0,0,1,0,1,0,0,0,0,1,1,0,1,1,0,0,0
227,0,1,1,0,0,0,0,1,0,0,0,0,1,1,0,0,1,0,0
228,0,0,0,0,0,0,1,0,0,1,0,0,0,0,0,0,0,0,1
229,0,1,0,0,0,0,1,0,0,0,0,0,1,0,1,1,0,0,0
230,0,1,0,1,0,1,0,0,0,0,0,0,0,0,0,0,0,1,0
231,0,0,0,0,0,0,0,0,0,0,0,0,0,0,0,0,1,0,0
232,0,0,0,1,0,0,0,0,0,0,0,0,0,0,0,0,0,0,0
233,1,1,1,0,1,0,1,0,0,0,1,0,0,1,0,0,1,0,1
234,1,0,0,0,1,0,0,1,0,0,1,1,0,0,0,0,0,0,0
235,0,0,1,0,0,1,1,0,0,0,0,1,0,0,0,0,0,0,1
236,1,0,0,0,0,0,0,0,0,0,1,0,0,0,0,0,0,0,0
237,0,0,0,1,0,0,0,0,1,0,0,0,0,0,0,0,0,0,0
238,1,0,0,1,0,1,0,1,0,0,0,1,1,1,0,0,1,1,1
239,0,1,0,0,0,0,0,1,0,0,0,0,0,0,0,0,0,0,0
240,0,0,1,1,1,0,0,1,1,0,1,0,0,0,1,0,0,1,0
241,1,0,0,1,1,1,0,0,1,0,1,0,0,1,1,1,0,0,0
242,1,1,1,1,1,1,0,0,0,1,0,0,0,0,1,0,1,0,0
243,0,0,0,1,1,0,0,0,1,0,1,1,1,1,1,0,0,0,0
244,0,0,1,1,1,1,0,1,0,0,1,1,0,1,0,1,0,0,1
245,0,1,0,0,0,1,0,0,0,0,1,0,0,0,1,0,0,0,0
246,0,0,1,0,0,1,0,0,1,0,0,0,0,0,0,0,1,0,0
247,0,0,1,1,0,0,1,0,0,0,0,0,1,0,0,0,1,0,0
248,1,1,1,0,1,0,0,0,1,1,1,0,0,0,1,0,0,1,1
249,0,1,0,0,1,0,0,1,0,1,0,0,0,0,1,0,0,1,0
250,1,0,0,1,0,1,1,1,0,0,1,1,0,1,1,1,0,0,0
251,0,1,0,0,0,0,0,0,0,0,0,0,0,0,1,0,0,0,0
252,0,0,0,1,0,0,0,0,0,0,0,0,0,0,0,1,0,0,0
253,0,0,1,0,0,0,0,0,0,1,1,0,0,0,0,1,1,0,0
254,1,0,1,1,1,0,0,0,1,1,0,0,0,1,1,0,1,1,0
255,1,1,0,0,0,0,0,0,1,0,0,0,0,0,0,0,0,1,0
256,1,0,0,1,0,0,0,0,0,1,0,1,0,0,0,0,1,1,0
257,0,1,0,0,1,0,1,1,0,0,0,0,0,0,1,0,0,0,0
258,0,0,0,0,0,0,0,0,0,0,1,0,0,0,0,0,0,1,0
259,0,1,0,1,1,1,1,0,1,0,0,1,0,0,0,0,1,0,0
260,0,0,0,0,0,1,1,1,0,1,0,1,0,1,1,1,1,0,0
261,0,1,0,1,0,1,0,0,1,1,1,0,0,0,1,1,1,1,0
262,0,1,0,0,0,0,0,0,1,0,0,1,0,0,0,0,0,0,0
263,1,1,1,0,0,0,0,1,1,1,0,0,1,1,0,0,1,1,0
264,1,1,0,0,0,0,0,0,0,0,1,1,0,1,1,0,1,0,1
265,0,0,0,0,0,0,0,1,0,1,0,0,0,0,0,1,0,0,0
266,1,1,0,1,1,1,1,0,0,0,1,0,0,0,1,0,0,0,0
267,0,0,0,0,0,0,0,0,1,0,0,1,0,0,0,0,0,0,0
268,0,0,0,0,0,1,0,0,0,0,0,1,1,1,1,1,1,0,0
269,0,0,0,0,0,1,1,0,0,0,1,0,1,0,0,1,0,0,0
270,0,1,0,0,1,1,0,0,1,0,1,0,0,1,0,0,0,1,0
271,0,1,0,0,0,0,0,0,0,0,0,1,0,0,0,0,0,0,0
272,1,0,1,0,1,1,1,1,0,0,0,1,0,1,0,1,0,1,0
273,0,1,0,0,0,0,0,0,0,0,0,0,0,0,0,0,0,0,1
274,0,1,1,0,0,0,0,1,0,1,0,0,1,0,0,0,0,0,0
275,0,0,1,0,1,1,0,1,1,0,1,1,1,1,1,0,0,0,0
276,0,1,0,0,0,0,0,0,0,0,0,1,0,0,0,0,0,0,0
277,0,0,0,1,0,0,0,0,0,0,1,0,1,0,0,0,1,1,1
278,1,1,0,1,0,0,1,1,1,0,0,1,0,0,1,0,0,1,0
279,1,0,0,1,1,0,1,0,1,0,1,1,0,1,1,0,1,0,0
280,1,0,1,0,0,0,0,0,0,0,0,1,0,0,0,0,1,0,0
281,0,0,1,1,0,0,0,1,1,0,0,1,1,0,1,0,1,0,1
282,1,0,1,0,0,0,0,0,0,1,0,0,1,0,1,1,0,1,1
283,0,0,0,0,0,0,0,0,0,0,0,0,0,0,0,1,0,0,0
284,0,0,0,1,1,0,1,1,0,0,0,1,1,1,0,0,0,0,0
285,0,0,1,1,0,1,0,0,0,0,0,0,0,1,1,1,1,0,0
286,0,1,0,0,0,1,0,1,0,0,0,1,0,0,1,1,1,0,0
287,1,0,0,1,1,1,0,0,1,0,0,1,0,0,0,1,1,1,0
288,1,1,0,0,0,0,0,0,0,1,0,0,0,0,1,0,1,0,0
289,1,0,0,0,0,1,0,0,0,0,1,1,0,1,1,0,0,1,1
290,0,0,0,0,0,1,0,0,0,1,0,1,0,0,0,0,1,1,0
291,0,1,1,0,1,1,0,1,1,0,1,0,0,1,1,0,1,0,0
292,0,1,0,0,0,1,0,0,1,0,0,0,0,1,0,1,1,1,1
293,0,0,0,0,0,0,0,0,0,0,0,0,0,0,0,0,0,0,1
294,0,0,0,0,1,1,0,0,0,0,0,0,0,0,1,0,0,0,0
295,1,0,0,1,1,1,0,1,0,1,1,0,0,1,0,0,0,1,1
296,0,0,0,1,0,0,1,0,0,0,0,1,0,0,0,1,1,0,1
297,0,1,0,1,0,0,1,0,0,0,0,0,0,0,0,0,0,0,0
298,0,0,0,0,0,1,0,0,0,0,0,0,0,0,0,0,0,0,1
299,0,1,0,1,0,1,0,0,0,0,0,1,0,1,1,0,0,0,1
300,0,0,0,0,0,0,0,0,0,1,0,1,0,0,0,0,0,0,1
301,0,0,1,0,1,0,0,1,0,1,1,0,0,0,1,1,1,0,0
302,1,0,1,1,0,0,0,0,0,0,1,0,1,0,1,1,0,1,1
303,0,1,0,0,1,0,0,0,0,0,0,1,0,1,1,0,0,1,0
304,1,0,1,0,0,0,1,0,0,0,0,0,0,1,0,0,0,1,1
305,0,1,0,0,0,0,0,0,0,0,0,0,0,0,0,0,0,0,0
306,0,1,0,0,1,0,0,0,1,0,1,0,0,0,0,1,0,1,0
307,0,0,0,0,0,0,0,0,0,0,0,0,0,0,0,1,0,0,1
308,0,0,0,0,0,0,0,0,0,0,0,0,0,0,0,0,1,0,0
309,0,0,0,0,1,1,0,0,1,1,0,1,0,1,0,0,0,0,0
310,1,1,0,0,1,0,0,1,0,1,0,0,0,0,0,0,0,0,0
311,0,1,0,0,1,0,0,0,0,0,1,0,1,0,0,0,0,0,0
312,0,0,0,1,0,0,0,0,1,1,0,0,0,1,1,0,1,1,0
313,0,1,1,1,1,0,0,0,1,1,1,1,0,1,1,0,0,0,0
314,1,1,0,0,0,1,0,0,1,0,1,0,0,0,0,1,0,1,0
315,0,0,0,0,0,0,0,0,0,1,0,0,0,0,0,0,0,0,1
316,0,0,1,0,1,0,1,0,1,1,1,0,0,1,1,1,0,0,0
317,0,0,0,1,1,0,1,1,1,1,0,0,0,1,1,0,1,0,0
318,1,0,1,0,1,1,0,1,0,1,1,0,1,0,1,0,0,0,1
319,0,0,0,0,0,1,0,0,0,1,0,0,1,0,0,0,0,0,0
320,0,1,1,1,0,1,0,0,0,1,1,1,1,0,0,0,1,0,0
321,0,1,0,0,1,1,0,0,0,0,0,0,0,0,1,0,1,0,0
322,1,0,0,1,0,0,0,0,0,1,0,1,1,0,0,0,0,0,0
323,0,0,0,0,0,0,0,0,1,1,0,0,1,1,0,0,0,1,0
324,1,0,0,1,0,1,1,0,1,1,0,0,0,0,0,0,0,0,1
325,0,1,0,1,1,1,0,0,0,0,0,0,0,0,0,0,0,0,0
326,0,0,0,1,0,1,0,0,1,0,0,0,0,0,0,0,1,1,0
327,0,0,1,1,0,0,0,0,0,0,0,0,0,1,0,0,0,0,0
328,0,0,0,1,0,0,1,0,0,0,0,1,1,1,0,1,0,1,0
329,1,0,0,0,0,0,1,1,1,0,0,0,1,0,1,1,1,0,0
330,1,0,0,1,0,0,1,0,0,0,0,1,0,1,1,0,1,0,1
331,1,1,0,1,0,1,0,0,0,1,1,0,0,1,0,0,1,0,1
332,0,0,0,0,0,1,0,0,0,0,0,0,0,1,1,1,1,0,1
333,0,1,0,0,1,0,0,1,1,1,0,0,0,1,1,0,1,0,1
334,1,0,0,0,0,0,0,0,0,0,0,0,0,1,0,0,0,0,0
335,0,0,0,0,0,0,0,0,1,0,0,0,0,0,0,0,0,0,0
336,0,0,0,0,0,0,0,0,0,0,0,0,0,0,0,1,0,0,0
337,1,0,0,0,1,1,1,0,0,1,1,0,1,0,1,1,0,1,0
338,0,0,0,1,0,0,0,0,0,1,1,0,0,1,1,0,0,1,0
339,0,0,0,0,0,0,0,0,0,0,1,0,0,0,0,0,0,0,1
340,1,0,0,0,0,0,0,0,0,0,0,1,0,0,0,1,0,1,0
341,0,1,1,0,0,1,0,1,0,1,0,0,1,1,0,1,0,0,0
342,0,0,0,0,0,1,1,1,1,0,0,1,1,1,0,0,1,1,0
343,0,1,1,1,0,0,0,0,0,0,0,0,0,0,0,1,1,0,1
344,0,1,0,0,1,0,1,0,0,0,0,0,1,0,0,0,0,0,0
345,1,0,0,1,0,0,1,0,0,0,0,0,0,1,1,0,0,1,0
346,1,0,1,0,0,0,1,0,0,0,0,0,0,0,0,0,0,0,0
347,0,1,1,1,1,0,0,1,0,0,0,0,1,0,1,1,0,1,0
348,0,0,0,0,0,1,0,0,0,0,0,0,0,0,0,0,0,0,0
349,0,0,0,0,0,0,0,0,0,1,0,0,1,0,0,1,0,0,0
350,0,1,0,0,0,0,0,0,0,1,0,0,0,0,1,1,1,1,0
351,1,0,1,0,0,1,0,0,1,1,0,0,1,1,0,0,1,0,0
352,0,1,0,1,0,0,1,1,0,0,0,0,0,0,0,0,0,1,0
353,0,1,0,0,1,1,0,1,1,1,0,0,0,0,1,1,1,1,0
354,0,0,0,0,0,0,0,0,0,0,0,0,1,0,0,0,0,0,0
355,0,1,1,1,1,0,1,0,1,1,0,0,1,0,1,1,0,0,0
356,0,0,0,0,0,0,0,1,0,0,0,0,0,0,1,0,0,0,0
357,1,0,1,1,1,1,1,1,0,0,0,0,0,0,0,0,0,0,1
358,0,0,1,1,0,0,0,0,0,1,0,0,1,0,0,0,0,0,0
359,0,0,0,1,1,1,1,1,0,0,0,0,0,1,0,1,0,0,1
360,0,0,0,1,0,0,0,0,0,0,1,0,0,0,1,0,1,0,0
361,0,1,0,0,0,0,0,1,0,0,0,0,1,1,0,0,0,0,0
362,1,0,0,0,1,0,0,0,0,0,1,0,1,1,1,0,1,0,0
363,0,0,0,1,0,0,0,0,0,0,0,0,0,1,1,0,1,1,1
364,1,0,1,0,0,0,1,1,1,1,0,1,0,0,0,0,1,0,1
365,0,1,0,1,0,0,0,1,1,1,0,0,1,0,0,0,1,0,0
366,0,1,0,0,0,0,0,1,0,0,1,0,0,1,0,0,1,0,1
367,0,1,0,0,0,1,0,1,1,0,1,1,0,1,1,1,1,0,0
368,0,0,0,0,0,0,0,0,0,0,1,0,0,0,1,0,0,1,0
369,1,0,0,0,1,1,0,1,0,0,0,1,0,0,0,1,0,1,0
370,0,1,1,1,1,0,0,1,0,0,0,1,0,1,0,0,0,0,0
371,0,1,0,0,0,0,1,1,1,0,0,0,1,0,1,1,1,0,0
372,0,1,0,0,0,1,0,0,1,0,1,1,0,1,0,0,0,0,0
373,0,0,0,1,0,1,0,0,1,0,1,0,1,0,0,0,1,0,0
374,0,0,0,0,0,1,0,0,0,0,0,0,0,0,1,1,0,0,0
375,0,0,0,0,0,0,1,1,0,0,0,0,0,0,0,0,0,0,0
376,0,0,0,1,0,0,1,1,0,1,0,0,0,0,1,0,0,1,0
377,0,0,0,0,0,0,0,0,0,0,1,0,1,0,0,0,0,0,0
378,0,0,0,0,0,0,0,0,0,0,0,0,0,0,0,1,0,0,0
379,1,0,0,0,0,1,1,0,0,0,1,1,0,0,0,0,0,0,1
380,1,1,1,0,0,0,0,0,0,0,0,0,1,0,0,0,0,1,0
381,1,0,0,0,1,0,1,1,1,1,0,0,0,1,0,0,0,0,0
382,0,0,0,0,1,0,1,0,1,0,0,1,0,1,0,0,0,0,0
383,0,0,0,0,1,1,0,0,0,1,1,0,0,0,0,0,0,0,0
384,0,0,1,0,0,0,1,0,0,0,0,0,0,0,1,0,0,1,0
385,0,0,0,1,1,1,0,1,0,0,0,0,1,0,0,0,1,0,0
386,0,0,0,1,0,1,0,1,0,1,1,0,1,0,1,1,1,1,0
387,1,1,1,0,0,0,1,1,1,0,0,0,1,0,1,1,0,0,0
388,0,1,1,1,0,0,1,0,1,0,0,0,1,1,0,1,1,0,0
389,0,0,0,0,0,1,0,0,0,0,0,0,0,1,1,1,1,1,0
390,0,0,0,0,0,1,0,0,0,0,1,0,0,0,0,0,1,0,0
391,0,0,0,0,0,1,1,1,0,0,0,0,0,0,1,0,0,0,0
392,0,0,1,0,0,1,0,0,1,1,1,0,0,0,0,0,1,0,0
393,0,0,0,0,0,0,0,0,0,0,1,0,0,0,0,0,0,0,0
394,0,0,0,0,0,0,0,0,0,0,0,1,0,0,0,0,0,0,1
395,1,0,0,0,0,0,0,1,0,1,0,0,0,0,0,1,1,1,1
396,1,1,1,0,1,0,0,1,1,0,1,0,0,0,0,0,1,1,1
397,0,0,0,0,0,0,0,0,1,0,1,0,0,1,0,0,1,0,0
398,1,0,1,0,0,0,0,0,0,0,0,0,1,0,1,1,0,1,0
399,0,1,1,1,0,0,1,1,1,1,0,0,0,0,1,0,1,0,1
400,0,1,0,0,0,0,1,0,0,1,0,1,0,0,0,0,0,0,1
401,0,0,0,0,0,1,0,0,0,0,0,0,1,0,0,0,0,1,0
402,0,0,1,1,1,0,0,0,0,0,0,0,0,1,0,0,0,0,0
403,1,0,0,1,0,0,1,0,0,1,1,1,0,0,0,1,1,1,1
404,0,1,0,0,0,0,0,0,0,0,0,0,0,0,0,0,0,0,0
405,0,0,0,1,1,0,0,1,0,0,0,0,0,0,1,1,0,0,0
406,0,0,0,0,0,0,0,0,0,1,0,0,0,0,0,0,0,0,0
407,1,0,0,0,0,0,0,0,0,0,0,0,0,0,0,0,0,0,0
408,1,1,1,1,1,1,1,0,0,0,1,0,0,0,0,0,1,1,0
409,0,1,0,0,0,0,0,0,0,0,0,0,0,0,0,0,0,0,0
410,0,0,0,0,0,0,0,0,1,1,0,1,1,0,0,0,1,0,1
411,0,0,1,0,0,0,0,0,0,0,0,0,0,1,0,0,1,0,0
412,0,0,0,0,0,1,1,1,0,1,0,0,1,0,1,1,0,0,0
413,1,1,0,0,1,0,1,0,1,1,0,0,1,1,0,0,0,0,1
414,0,1,0,0,0,1,0,0,1,0,0,0,1,1,1,1,1,0,0
415,0,0,0,1,0,1,0,1,0,1,0,1,1,1,1,0,0,0,0
416,1,1,0,0,1,0,0,0,0,1,1,0,0,1,0,0,0,1,0
417,0,0,1,0,0,0,0,1,0,0,0,0,0,0,0,0,0,0,0
418,0,1,0,0,0,1,0,0,0,1,0,0,0,1,0,0,0,1,0
419,1,0,0,1,0,0,1,0,1,0,1,0,0,1,0,1,1,0,0
420,1,0,0,0,0,0,0,0,0,0,0,0,0,0,0,0,1,0,0
421,1,1,1,0,1,0,0,0,0,0,1,0,1,0,0,1,0,0,1
422,0,0,0,0,0,0,0,0,0,0,1,0,0,1,0,1,0,0,1
423,1,1,1,1,0,1,0,0,0,1,1,0,1,0,1,0,0,0,0
424,0,0,1,0,0,0,0,0,0,0,0,0,0,0,0,0,0,0,0
425,0,0,0,0,1,1,0,0,0,0,0,0,0,1,0,0,0,0,1
426,0,0,0,1,0,0,1,1,0,0,0,0,1,1,0,0,0,1,1
427,0,0,0,1,1,0,1,0,0,0,0,0,0,0,0,0,0,1,0
428,0,0,0,0,0,0,0,0,1,1,1,1,0,1,0,0,0,1,1
429,0,0,0,0,0,0,1,0,1,0,0,0,0,0,0,0,0,1,0
430,0,0,0,0,0,0,0,0,0,0,0,0,0,0,0,0,0,1,0
431,0,1,0,1,1,0,1,1,0,0,0,0,0,0,0,1,0,1,0
432,0,0,0,0,0,0,0,0,1,0,0,0,0,0,0,0,0,0,0
433,0,0,0,0,0,0,0,0,0,0,0,0,1,0,1,0,0,0,0
434,0,0,0,0,0,0,0,0,0,0,0,0,0,0,0,1,0,0,0
435,1,0,0,0,1,0,1,1,1,0,0,1,0,0,0,0,1,0,1
436,0,0,0,0,0,0,0,1,0,1,0,1,0,0,0,0,1,0,1
437,1,0,0,0,0,0,0,0,0,0,0,0,0,0,0,0,0,0,0
438,0,0,0,0,0,0,0,0,0,0,0,0,0,0,0,1,0,0,0
439,1,0,1,0,1,1,0,0,1,0,0,0,1,0,0,0,0,0,1
440,0,1,0,1,1,0,0,0,1,1,0,1,0,0,1,1,0,0,0
441,0,1,1,0,0,0,0,0,0,1,1,0,0,1,1,1,0,0,1
442,0,0,1,0,0,0,0,1,0,0,0,1,0,0,1,1,0,1,0
443,0,0,1,1,0,0,0,0,0,0,1,0,0,0,1,0,1,0,0
444,0,1,0,1,0,0,1,0,1,1,0,0,0,0,1,0,0,1,0
445,0,0,0,0,0,0,0,0,1,1,0,0,1,0,0,1,1,0,0
446,0,0,1,1,1,0,1,1,1,0,0,1,1,1,0,0,0,0,1
447,1,0,1,0,1,1,1,0,1,0,0,0,1,0,0,0,1,0,0
448,0,0,1,0,0,0,0,0,0,1,1,0,0,0,0,1,0,0,0
449,1,0,0,0,1,1,0,1,0,1,0,0,0,0,0,1,0,0,0
450,0,0,0,0,0,1,0,0,0,0,0,0,0,0,0,0,0,0,0
451,0,0,0,1,0,0,1,0,1,0,0,0,0,0,0,1,1,1,0
452,1,0,0,0,0,1,0,0,0,0,0,0,0,0,0,0,0,0,0
453,1,0,1,1,1,0,1,0,0,0,1,0,0,0,1,0,0,0,0
454,0,0,0,0,1,1,1,0,0,0,0,1,0,1,0,0,0,0,1
455,0,0,0,1,0,1,0,0,0,0,1,1,1,0,0,0,0,0,1
456,0,0,0,0,0,0,0,0,0,0,0,1,1,0,0,1,0,1,0
457,0,0,0,1,0,0,0,0,1,1,0,0,0,1,0,0,1,0,1
458,0,0,0,0,0,0,0,0,0,0,0,0,1,0,0,0,0,0,0
459,0,0,0,0,0,1,0,0,0,1,0,0,1,0,0,0,0,0,0
460,0,0,0,1,0,0,0,0,1,0,0,1,1,0,1,0,0,1,0
461,0,1,1,0,1,0,1,0,0,0,1,1,0,1,0,1,1,0,0
462,0,0,0,0,0,1,1,0,0,1,0,0,0,0,0,0,0,1,0
463,0,0,0,0,0,0,1,1,0,1,0,0,0,0,0,1,0,1,0
464,0,0,0,0,0,0,0,0,1,0,0,1,1,0,0,0,1,0,0
465,0,1,1,1,1,1,1,0,0,1,0,0,1,0,1,1,0,0,0
466,0,0,0,1,0,0,0,0,0,0,0,0,1,0,0,1,0,1,0
467,1,0,0,0,0,1,0,0,1,0,1,1,0,0,1,1,0,1,1
468,0,0,0,0,0,0,0,0,0,0,0,0,0,1,0,0,0,0,0
469,0,0,0,1,1,1,1,0,0,1,1,0,0,1,0,1,1,0,0
470,0,0,1,0,0,1,0,1,0,0,1,1,0,0,0,1,0,0,0
471,0,0,1,0,0,0,0,0,0,0,0,1,1,0,1,0,0,0,0
472,0,1,0,0,0,1,1,1,1,0,0,1,0,0,0,1,1,1,1
473,0,1,0,0,0,0,0,0,0,1,1,0,1,0,0,1,0,1,1
474,0,0,0,0,0,0,0,1,0,0,0,0,0,0,0,0,1,0,0
475,1,0,0,0,0,0,0,1,0,1,1,1,0,0,0,1,1,1,0
476,0,0,0,0,0,0,1,1,0,0,0,0,0,0,1,0,1,0,1
477,0,0,1,0,1,1,0,0,0,0,1,1,0,1,1,1,1,1,0
478,1,1,0,0,0,1,1,0,0,1,1,0,0,0,1,1,0,0,0
479,0,1,0,0,0,0,0,0,0,1,0,0,0,0,1,1,0,0,1
480,1,0,0,0,0,1,1,1,0,0,1,0,1,1,0,0,0,1,0
481,1,0,0,0,0,0,0,0,0,0,1,0,0,0,0,0,0,1,0
482,0,0,0,0,1,0,0,1,1,0,1,0,0,0,1,0,0,0,0
483,0,0,1,1,0,1,0,0,0,0,0,0,0,0,1,1,1,0,1
484,0,0,1,0,0,0,0,0,0,0,0,0,0,0,0,0,0,0,0
485,1,0,1,1,0,0,1,0,0,0,0,0,0,0,0,0,0,0,0
486,0,0,0,0,0,0,1,1,0,1,0,1,0,0,1,0,1,1,1
487,0,0,1,0,1,1,0,0,0,0,0,0,0,0,0,0,1,0,0
488,0,1,0,0,0,0,0,0,1,1,0,1,1,0,1,1,0,0,0
489,0,1,0,0,1,0,1,1,0,0,1,1,0,1,1,0,0,1,0
490,0,0,0,0,0,1,0,0,0,0,0,0,0,0,0,0,0,0,0
491,1,0,1,1,0,0,0,1,0,0,0,0,0,0,0,0,0,1,0
492,1,1,1,0,1,0,0,0,1,1,1,1,0,0,0,1,0,1,0
493,1,0,0,0,0,0,0,0,0,0,0,0,1,1,0,0,0,0,1
494,0,1,0,0,0,0,1,0,1,0,0,0,1,0,0,0,1,0,1
495,0,0,0,0,0,0,1,0,0,0,1,1,0,0,0,0,0,1,0
496,0,0,1,1,0,0,0,1,0,0,1,0,0,1,0,0,1,0,0
497,0,1,1,1,1,0,1,1,0,1,0,0,0,1,1,0,0,0,0
498,0,1,0,0,0,0,0,0,0,0,0,1,0,0,0,1,1,0,0
499,0,0,0,0,0,0,0,0,0,0,0,0,0,0,0,0,1,0,1
500,1,0,0,0,0,0,0,0,0,0,0,0,0,0,0,0,0,0,0
501,1,1,1,1,0,0,0,1,1,0,0,1,0,0,0,0,0,1,0
502,0,1,0,1,1,1,0,0,1,1,0,1,0,0,1,1,1,0,0
503,0,0,0,0,0,0,0,0,0,0,0,1,0,0,0,0,0,0,0
504,0,0,0,0,0,0,0,0,0,0,1,0,0,0,1,0,0,0,0
505,1,0,0,1,1,1,0,0,0,0,0,1,0,0,1,1,0,0,1
506,0,0,0,0,0,1,0,1,0,0,0,0,0,0,0,0,0,0,0
507,0,0,0,0,0,0,0,0,0,0,0,0,0,0,0,1,0,0,0
508,0,1,1,1,1,0,0,0,0,1,1,0,0,1,0,0,0,1,0
509,0,0,1,1,1,0,0,0,0,0,1,0,0,0,0,1,0,0,0
510,0,0,0,1,0,0,0,0,0,0,0,0,0,0,0,0,0,0,0
511,0,0,0,0,1,0,0,0,0,0,0,0,0,0,0,0,0,0,0
512,1,1,0,0,0,1,1,0,1,1,1,0,0,0,1,1,0,0,0
513,0,0,0,0,1,0,0,0,0,0,1,0,0,0,0,0,0,0,0
514,0,0,1,0,0,0,0,0,0,0,0,1,0,0,0,0,0,0,0
515,0,0,0,0,0,0,0,0,1,0,0,0,0,1,0,0,1,0,0
516,0,0,0,1,0,1,1,1,0,1,0,1,0,0,0,0,0,1,0
517,0,0,0,1,1,0,0,1,0,1,0,0,0,0,0,0,0,0,0
518,1,0,0,0,0,0,0,0,0,0,0,0,0,0,0,0,0,0,0
519,0,0,1,1,0,1,0,1,0,0,0,0,0,1,0,0,1,1,0
520,0,0,1,1,0,0,0,0,0,0,1,0,0,0,0,0,1,0,0
521,0,0,1,0,0,0,0,0,0,0,0,0,0,0,1,0,0,0,0
522,0,1,0,0,0,0,0,1,0,1,0,0,1,0,1,1,1,1,1
523,0,0,0,0,0,0,0,0,0,0,0,0,0,0,0,1,0,0,1
524,1,1,1,0,1,0,0,0,0,0,1,0,1,0,1,0,0,0,0
525,0,0,1,0,0,0,0,0,0,0,0,0,0,0,0,0,0,0,0
526,0,0,0,0,0,0,0,0,0,0,0,0,0,0,0,1,0,0,0
527,1,0,0,0,0,0,1,0,0,1,0,1,0,0,0,0,0,1,1
528,1,0,0,1,0,0,0,1,0,0,0,0,1,1,0,1,0,1,0
529,0,0,0,0,1,0,1,0,0,0,0,0,0,0,0,0,0,0,0
530,1,0,0,0,0,1,1,0,0,0,1,1,0,0,0,0,0,1,1
531,1,1,1,1,0,0,1,0,0,0,0,0,0,0,0,0,0,0,1
532,0,0,0,1,0,1,0,0,1,0,0,1,1,0,0,1,0,1,1
533,0,0,0,0,0,0,0,0,0,0,0,0,0,1,0,0,0,0,0
534,0,0,0,0,0,1,1,0,1,0,1,0,0,0,1,0,0,0,0
535,0,0,1,1,1,0,0,1,0,0,0,0,0,0,1,0,0,0,0
536,0,0,1,1,1,1,0,0,1,0,0,0,0,0,0,0,0,0,1
537,0,0,1,0,1,0,0,0,0,0,0,0,0,0,0,0,1,0,0
538,1,0,1,1,0,0,1,0,0,0,0,0,1,1,1,1,1,1,0
539,0,0,0,0,0,0,0,0,0,0,0,0,0,1,0,0,0,0,0
540,0,0,0,0,0,0,0,0,0,0,1,0,0,0,0,0,0,0,0
541,0,0,0,1,0,0,1,0,0,0,0,0,1,0,0,0,1,0,0
542,1,0,0,1,0,1,1,0,0,0,0,1,0,1,0,0,0,0,0
543,0,1,0,0,0,1,0,1,1,1,1,0,0,0,0,0,0,0,0
544,0,1,1,1,0,1,0,1,0,0,0,1,1,0,1,0,0,0,0
545,1,1,1,0,0,0,1,0,0,1,0,0,0,0,0,1,0,0,0
546,1,0,1,0,0,0,0,1,1,0,0,1,1,1,0,1,0,0,0
547,1,0,0,0,0,0,1,0,0,1,0,0,1,1,0,0,0,1,1
548,0,0,1,1,0,1,1,0,0,1,1,0,1,0,0,0,0,1,1
549,1,0,0,1,1,1,1,0,0,0,0,1,1,0,1,0,0,0,0
550,1,1,0,1,0,0,0,0,1,0,0,1,1,1,0,1,1,1,0
551,1,1,1,0,0,0,1,0,1,1,0,0,0,0,1,0,0,0,0
552,1,0,0,1,0,1,0,0,0,0,1,0,0,0,1,1,0,0,0
553,0,0,1,0,0,0,1,0,0,1,1,0,0,0,0,1,1,0,0
554,1,0,1,1,0,0,0,0,1,1,1,0,1,0,0,1,0,1,0
555,1,0,0,1,0,0,1,0,0,0,0,0,0,1,1,0,0,0,0
556,1,0,1,1,0,1,1,0,0,0,0,0,1,0,0,1,0,0,0
557,0,0,0,0,0,0,1,0,0,0,1,0,0,1,0,0,0,0,0
558,1,1,0,0,0,0,1,1,1,1,0,0,0,1,1,0,0,1,0
559,1,0,0,0,0,0,0,0,0,0,0,0,0,0,0,0,0,0,1
560,0,0,1,1,0,1,0,1,1,0,0,0,0,0,1,0,1,0,0
561,1,1,0,1,1,0,0,1,0,0,1,1,0,0,0,1,0,0,1
562,0,1,0,0,0,0,0,0,0,0,0,0,1,0,0,0,0,0,1
563,0,0,0,0,0,0,0,1,0,0,0,0,0,1,0,1,0,0,0
564,0,0,0,0,0,0,0,0,0,0,0,0,1,0,0,0,1,1,0
565,1,0,0,1,1,1,1,0,0,1,1,1,0,0,0,0,0,1,1
566,1,0,0,0,0,0,0,0,1,0,1,0,0,0,0,0,1,0,1
567,0,0,0,0,0,0,0,1,0,0,0,0,0,0,0,0,0,0,0
568,1,1,0,1,1,0,0,0,1,0,1,0,0,1,0,1,1,0,0
569,0,1,0,0,0,1,1,1,1,0,1,0,0,0,0,0,0,1,1
570,0,0,0,0,0,0,0,0,0,0,1,0,0,0,0,0,0,0,0
571,0,0,0,0,0,0,0,0,0,1,1,1,0,0,0,0,0,0,0
572,0,1,1,1,1,0,1,1,0,1,0,0,1,1,0,1,0,0,0
573,0,0,0,0,1,1,0,0,0,0,0,0,0,0,0,0,0,0,0
574,1,0,0,0,0,1,0,0,0,0,1,0,1,1,0,1,0,0,1
575,0,0,0,0,1,1,0,0,0,0,0,0,0,1,0,0,1,0,0
576,1,0,0,0,1,0,1,0,0,0,0,1,0,1,1,0,0,0,0
577,0,0,0,1,0,0,0,0,0,1,0,0,0,0,0,0,0,0,0
578,0,0,1,1,1,0,0,1,0,0,0,1,0,0,0,0,0,0,0
579,0,0,1,0,0,0,0,0,0,0,1,0,0,0,0,1,0,0,1
580,0,0,0,0,0,0,0,0,0,0,0,0,0,0,0,0,0,1,0
581,0,0,0,0,0,0,0,0,1,0,0,0,0,0,0,0,1,1,1
582,0,0,1,0,0,0,0,0,0,0,0,0,0,0,1,0,0,0,0
583,0,0,0,0,0,0,0,0,0,0,0,0,1,0,0,0,0,0,0
584,0,1,0,0,0,0,0,0,0,0,0,0,0,0,0,0,0,0,1
585,0,0,0,0,1,0,0,0,0,0,0,0,0,0,0,0,0,0,0
586,0,0,0,0,1,0,1,0,0,0,0,0,0,0,0,0,0,1,0
587,0,0,0,0,0,1,0,0,0,0,0,0,0,0,0,0,0,0,0
588,0,1,0,0,1,0,0,0,0,1,1,0,0,1,0,0,1,1,1
589,0,0,0,0,0,0,0,0,1,1,0,0,0,0,0,0,0,0,0
590,0,0,0,1,1,1,1,1,1,0,0,1,0,1,0,0,0,0,1
591,0,0,0,1,1,1,1,0,0,0,1,1,1,0,1,0,0,0,0
592,0,0,1,1,0,1,0,1,1,1,0,1,1,0,0,1,0,0,1
593,0,1,1,1,1,0,1,1,0,0,0,1,1,0,1,0,1,0,0
594,1,1,0,0,1,0,1,0,0,0,0,0,0,1,0,1,0,0,0
595,0,0,1,0,0,0,0,1,0,0,0,0,1,0,0,0,0,0,1
596,0,0,0,0,1,0,1,1,1,0,0,0,1,0,0,0,0,0,0
597,0,0,0,1,1,0,0,1,1,0,0,0,0,1,0,1,0,0,1
598,1,0,0,0,0,0,0,1,1,0,0,1,0,0,1,1,0,0,1
599,0,1,0,1,0,0,1,1,0,0,1,0,1,0,1,0,0,0,0
600,1,0,0,1,0,1,0,1,0,0,0,0,1,0,1,1,1,1,0
601,1,0,1,0,0,1,0,0,0,0,0,1,0,0,0,1,0,0,0
602,1,0,0,1,1,0,1,1,0,0,0,0,1,0,1,0,1,0,1
603,0,0,0,0,0,0,0,0,0,1,0,1,0,0,0,0,0,0,0
604,0,1,1,0,0,0,0,0,0,1,1,0,0,1,0,0,1,0,1
605,0,0,1,1,0,1,1,1,1,0,0,1,0,1,1,0,0,0,1
606,0,1,0,0,0,1,0,0,1,0,0,0,0,0,1,0,0,0,0
607,0,0,0,0,1,0,0,0,0,0,0,0,0,0,0,0,0,0,1
608,0,0,1,0,0,0,1,0,1,0,1,1,1,1,0,0,0,1,1
609,0,0,0,0,0,0,0,0,1,0,0,0,0,0,0,0,0,0,0
610,1,0,0,1,1,0,0,0,1,0,0,0,0,1,0,1,0,0,0
611,0,1,0,1,0,1,0,1,0,0,1,0,1,0,1,0,0,1,1
612,0,0,0,0,0,0,0,0,0,0,0,0,0,0,1,0,0,0,0
613,0,0,0,1,0,1,0,0,0,0,1,1,0,0,0,0,0,0,1
614,1,0,1,1,0,0,0,0,0,1,1,1,1,0,1,0,1,0,0
615,0,0,1,1,0,0,1,0,0,0,1,0,1,1,0,1,1,1,0
616,0,0,0,0,0,0,0,0,0,0,0,0,0,1,0,0,1,1,0
617,1,1,0,1,0,0,0,1,0,0,1,1,0,1,0,0,0,0,1
618,0,1,1,0,0,0,1,1,0,1,0,0,1,0,1,1,1,0,0
619,1,0,0,0,0,0,0,1,0,0,0,1,0,0,1,0,1,0,1
620,1,1,1,0,1,0,0,0,0,1,0,0,0,1,1,1,0,0,0
621,0,1,0,0,1,1,0,1,0,1,1,1,0,0,0,1,0,1,0
622,0,1,0,0,0,0,0,0,0,1,0,0,1,1,1,1,0,1,1
623,0,1,0,0,0,0,0,0,0,1,0,0,0,0,0,0,0,1,0
624,0,0,1,0,0,1,0,1,1,1,0,1,0,1,1,1,0,0,1
625,0,1,0,0,0,0,0,0,0,0,1,1,1,0,0,0,0,1,1
626,1,0,1,0,0,0,0,0,0,1,1,0,1,0,1,0,0,0,0
627,0,0,1,0,1,0,0,1,1,0,1,0,1,0,1,1,0,0,0
628,0,0,0,0,0,1,0,0,1,1,0,0,1,1,0,1,0,1,0
629,0,1,1,1,1,0,0,0,1,0,0,1,0,0,1,0,1,0,1
630,0,0,0,0,0,0,0,0,0,0,0,0,0,0,0,0,0,0,1
631,1,0,0,0,0,1,1,0,0,1,0,1,0,0,1,0,0,0,0
632,0,1,1,0,0,0,0,0,1,1,0,1,0,0,0,0,0,1,1
633,0,1,0,0,1,0,1,0,1,1,0,1,0,1,0,0,1,0,0
634,0,0,0,0,1,0,0,1,0,1,1,0,0,0,1,1,0,0,0
635,0,0,0,0,0,0,0,1,1,0,0,1,0,0,0,0,0,0,0
636,0,0,1,1,0,1,0,0,0,0,0,0,0,0,1,0,0,1,0
637,0,0,0,1,0,0,0,0,0,0,0,0,0,0,0,0,0,0,0
638,0,0,1,0,0,0,0,0,0,0,0,0,0,0,0,0,0,0,1
639,0,0,0,0,0,0,0,0,0,0,0,0,0,1,0,1,1,0,0
640,0,0,1,0,1,1,0,0,1,1,0,0,0,0,1,0,0,0,0
641,0,0,0,1,0,1,0,0,0,1,1,1,1,0,1,1,1,1,0
642,1,0,0,0,1,0,0,0,0,0,1,1,0,0,0,0,1,1,1
643,0,1,1,1,0,0,0,1,1,1,0,1,0,0,0,1,0,0,1
644,0,0,1,1,0,0,0,0,0,0,0,0,0,0,1,0,0,0,1
645,0,0,0,0,0,0,0,1,0,1,0,0,0,0,0,1,0,0,1
646,0,0,0,0,0,1,0,0,0,0,0,0,1,0,1,0,0,0,1
647,0,0,1,0,0,0,1,0,0,0,0,0,1,1,0,0,1,0,0
648,0,0,0,0,0,0,0,0,0,0,0,1,0,0,0,0,0,0,0
649,1,1,1,0,0,0,0,1,0,0,1,1,1,1,0,1,1,0,0
650,1,1,0,0,0,1,0,1,0,1,0,0,0,0,0,1,0,0,0
651,0,0,0,0,0,0,0,0,0,0,1,0,0,0,0,0,1,0,0
652,0,1,0,0,0,1,0,0,1,0,0,0,0,1,1,0,1,0,1
653,0,0,0,0,0,0,1,1,0,1,1,0,1,1,1,0,1,0,0
654,1,0,1,0,1,0,1,1,0,0,1,0,0,1,0,0,0,0,0
655,0,1,0,1,0,1,0,0,0,0,0,1,0,0,1,0,1,1,0
656,1,0,0,0,1,1,0,0,0,0,0,0,1,1,1,0,1,0,0
657,1,0,1,1,1,0,0,1,1,1,0,1,1,0,1,0,0,0,0
658,0,1,0,0,0,0,0,0,0,0,0,0,0,0,0,0,0,0,0
659,0,0,0,0,0,1,0,0,0,0,0,1,0,0,0,0,0,1,0
660,1,0,1,1,1,1,1,0,0,0,0,0,0,1,0,1,0,0,1
661,0,0,1,1,1,0,0,1,0,1,0,0,1,0,1,0,1,0,0
662,1,0,0,0,1,0,1,0,0,0,1,0,0,0,0,0,1,1,1
663,0,1,0,0,0,0,1,0,0,0,1,0,1,0,0,0,0,0,0
664,0,1,0,0,1,1,0,1,0,1,0,1,1,0,0,1,0,1,1
665,0,1,0,1,0,0,0,1,0,0,0,0,1,1,0,0,0,0,0
666,0,0,0,0,0,0,0,0,0,1,0,0,0,1,0,0,0,0,0
667,1,1,0,1,0,1,1,0,1,1,0,0,0,1,0,1,0,1,0
668,0,0,0,1,1,0,0,1,0,0,1,0,0,0,0,0,1,1,1
669,0,0,0,1,0,1,1,0,1,0,1,1,1,0,0,0,1,0,0
670,0,0,0,1,1,0,0,0,1,0,1,0,0,0,0,1,0,1,0
671,0,0,0,0,0,0,0,1,0,1,0,0,0,0,0,0,0,0,1
672,0,0,1,1,1,1,0,0,1,1,1,0,1,0,0,1,0,0,0
673,1,0,1,0,1,0,0,0,0,0,0,0,0,0,0,0,0,1,1
674,0,1,1,0,0,0,0,0,0,0,1,1,1,1,0,1,1,1,0
675,0,0,0,0,0,0,0,1,0,0,0,0,0,0,0,0,0,1,0
676,0,0,1,1,0,0,0,0,0,0,1,1,0,1,1,0,0,0,0
677,0,0,1,1,0,0,1,1,0,0,0,1,1,1,1,0,1,0,0
678,0,0,1,0,0,0,1,0,1,0,0,1,1,1,0,0,0,0,1
679,0,0,1,0,0,1,0,1,1,0,1,1,1,0,1,0,1,1,0
680,0,1,0,0,0,0,1,1,0,1,1,1,1,0,0,0,1,1,1
681,0,0,0,0,0,0,1,0,0,0,1,0,0,1,0,0,0,0,0
682,0,0,1,0,0,0,0,0,0,0,0,0,0,0,1,0,0,1,0
683,0,1,0,0,1,0,0,0,0,0,0,0,0,0,1,0,0,0,0
684,0,0,0,0,1,1,1,1,0,0,1,1,0,1,0,1,0,0,0
685,1,1,1,0,0,1,0,0,1,1,0,0,1,1,0,0,0,1,1
686,0,0,0,1,0,1,0,0,0,1,1,0,0,0,0,0,0,0,0
687,1,1,1,0,0,0,1,1,0,0,1,0,0,0,0,0,1,1,0
688,0,0,1,1,0,0,0,1,1,1,0,0,0,0,0,0,0,1,0
689,1,0,0,0,1,1,0,0,1,1,1,1,1,0,0,1,0,0,0
690,0,0,0,0,1,0,1,0,0,1,0,1,0,1,0,0,1,1,0
691,0,0,0,1,0,0,1,1,1,1,0,1,1,0,1,1,0,1,0
692,0,1,0,0,0,1,0,1,1,0,0,0,1,0,1,1,1,0,0
693,1,0,1,0,1,0,0,1,0,0,1,0,1,0,1,0,0,1,1
694,1,0,0,0,1,0,0,1,1,0,0,0,1,1,0,1,1,1,1
695,0,1,0,1,1,0,0,1,0,0,1,0,0,1,0,1,0,0,0
696,0,1,0,0,0,0,1,0,0,1,0,0,1,0,1,0,1,0,0
697,0,0,0,1,0,1,0,1,0,1,0,0,0,0,0,0,0,0,1
698,0,0,0,0,0,0,0,0,0,1,1,0,0,1,0,0,0,0,0
699,0,0,0,0,0,1,0,1,1,1,1,0,0,1,0,1,1,0,1
700,0,1,0,0,0,0,0,0,0,1,0,0,0,0,0,0,0,0,0
701,0,0,1,0,0,0,0,0,1,0,0,1,1,0,1,1,0,0,0
702,1,0,1,0,0,1,1,0,0,1,0,0,0,1,0,1,1,0,1
703,1,0,0,0,0,0,1,0,1,0,1,0,0,0,0,0,1,0,0
704,0,0,0,0,0,0,0,0,0,1,0,1,1,1,0,1,0,0,0
705,0,0,0,1,0,0,0,0,0,0,1,0,0,1,0,0,1,1,1
706,0,1,1,1,0,1,0,1,0,0,0,0,0,0,0,0,0,0,0
707,0,0,0,0,0,0,0,0,0,0,0,0,0,1,0,0,0,0,0
708,0,1,0,1,0,0,0,0,0,0,0,0,0,1,0,0,0,0,0
709,0,1,1,1,0,1,0,1,1,0,0,0,1,0,0,0,1,0,0
710,0,0,0,0,1,0,0,0,0,0,0,0,0,0,0,0,0,0,0
711,1,1,0,0,0,0,0,0,0,0,1,0,0,0,0,0,0,1,0
712,0,0,0,0,1,1,0,0,0,0,1,0,0,1,0,1,0,0,0
713,0,0,0,1,1,0,1,1,0,0,1,0,1,1,1,0,0,0,1
714,0,0,0,0,1,1,0,0,0,0,0,0,0,0,0,0,0,0,0
715,0,1,1,0,0,1,1,1,0,1,0,0,1,0,0,0,1,0,0
716,0,0,0,0,0,1,0,1,1,0,0,0,0,0,0,0,0,0,0
717,0,0,1,1,0,0,0,0,0,0,0,0,1,0,0,0,0,1,1
718,0,0,0,1,1,0,0,0,0,0,0,1,0,0,1,0,0,0,0
719,1,0,0,0,1,0,0,0,1,1,0,0,0,0,0,0,0,0,1
720,1,0,1,1,1,0,0,0,0,0,1,1,1,1,0,0,0,0,0
721,1,1,0,0,0,1,0,1,0,1,0,0,0,0,0,0,0,0,0
722,0,0,1,0,0,0,1,0,0,0,0,0,0,0,0,1,0,1,0
723,1,1,0,0,1,0,1,1,0,0,0,0,0,0,0,0,0,0,1
724,0,0,0,0,0,1,0,0,0,0,0,0,0,1,0,0,1,0,0
725,1,1,0,0,0,0,0,0,1,0,1,0,0,0,0,0,0,0,0
726,0,0,0,0,1,0,1,1,0,0,0,0,0,0,0,0,1,0,0
727,0,0,0,1,0,0,0,0,0,0,1,1,1,0,0,0,0,1,0
728,1,0,0,1,0,1,0,0,0,0,0,0,0,1,0,0,1,1,1
729,0,1,0,0,0,0,0,0,1,0,1,1,0,0,0,0,0,0,0
730,0,1,1,1,0,1,0,0,0,0,0,1,1,1,0,1,1,0,0
731,0,0,0,0,0,1,0,1,0,1,0,1,0,0,0,0,0,1,0
732,1,1,1,1,1,0,0,1,1,1,1,0,0,0,0,0,0,0,1
733,0,0,0,0,0,0,0,1,0,0,0,0,0,1,1,1,0,0,1
734,0,1,0,0,0,0,0,0,0,0,0,0,0,0,0,0,0,0,0
735,0,0,0,0,0,0,0,0,0,0,0,0,1,0,0,0,0,0,0
736,0,0,0,0,0,0,0,1,0,0,0,0,0,0,0,0,0,0,1
737,0,0,0,0,0,0,0,0,0,0,0,1,0,0,0,0,0,1,0
738,0,0,0,0,1,0,0,0,0,0,0,0,0,0,0,0,1,0,0
739,0,0,0,0,1,0,0,1,0,1,0,0,1,0,0,0,0,0,0
740,1,0,0,1,0,1,1,0,0,0,1,0,1,0,1,0,0,1,0
741,0,0,0,0,1,0,0,0,1,0,0,0,0,0,0,1,0,0,0
742,1,1,1,1,1,0,0,1,0,1,0,0,0,1,0,0,1,1,0
743,1,0,1,0,0,0,1,0,0,0,0,0,0,0,0,0,0,0,0
744,0,1,0,0,0,0,1,0,0,0,1,1,1,1,0,1,1,1,1
745,0,0,0,1,0,0,0,0,0,0,0,0,0,0,0,0,0,0,1
746,1,1,1,0,0,1,0,1,0,0,0,1,0,0,0,0,0,1,1
747,1,0,0,1,0,1,1,1,1,0,0,0,0,1,1,0,1,1,0
748,0,0,1,0,0,0,1,1,0,1,1,0,1,1,1,0,1,1,0
749,0,0,0,0,1,0,0,0,0,0,0,0,0,0,0,0,0,0,0
750,0,0,0,0,0,0,1,0,0,0,1,1,0,0,0,1,0,1,0
751,1,0,0,0,0,1,0,0,1,1,0,1,0,0,0,0,0,0,0
752,1,0,0,0,0,0,0,0,0,0,0,1,0,0,0,0,0,0,0
753,1,0,0,0,0,1,1,0,0,1,0,0,0,0,1,1,0,0,0
754,1,0,0,1,0,0,0,0,0,1,0,1,0,0,0,1,0,0,1
755,0,1,0,1,0,0,0,0,1,0,1,0,0,0,1,0,0,0,0
756,1,1,0,0,1,0,1,0,1,1,0,0,0,0,1,0,0,0,0
757,0,0,1,0,0,0,0,0,1,0,0,0,0,0,0,0,0,0,0
758,0,1,1,1,0,0,0,0,0,0,0,1,1,1,1,0,1,1,0
759,0,0,1,0,0,1,1,1,1,1,0,1,0,1,0,0,0,0,1
760,0,0,0,0,0,1,0,0,1,1,0,1,1,1,0,1,1,0,1
761,0,0,1,1,1,0,1,1,1,0,0,0,0,1,0,0,1,0,1
762,0,0,1,1,0,1,1,1,1,0,1,1,0,0,0,1,0,1,0
763,0,1,0,0,0,0,1,0,1,0,0,1,0,1,1,1,0,0,0
764,1,1,0,0,0,0,0,0,0,0,1,0,1,1,0,0,0,0,0
765,0,1,1,0,1,0,0,0,1,1,0,0,1,1,0,0,0,1,0
766,0,0,0,1,1,1,0,0,1,0,0,1,0,1,1,0,0,0,1
767,0,0,0,0,0,0,0,0,0,0,0,0,0,1,0,0,0,0,0
768,0,1,0,1,0,0,1,1,1,0,1,0,1,0,1,0,1,1,0
769,0,1,0,0,0,0,1,0,0,0,1,0,0,0,0,0,0,0,0
770,1,1,1,0,1,0,0,1,0,1,1,0,0,1,0,1,0,1,0
771,1,0,1,1,0,1,1,0,0,0,0,0,0,0,0,0,0,0,0
772,1,1,0,0,0,0,0,0,0,1,0,0,1,0,0,0,0,0,0
773,0,0,0,0,0,0,0,1,0,0,0,0,0,0,0,0,0,0,0
774,0,0,0,0,0,0,0,0,0,0,0,0,0,0,0,0,1,0,0
775,0,0,0,1,0,0,1,0,1,0,1,1,1,1,0,0,0,0,1
776,0,0,0,0,0,0,0,0,0,0,0,0,0,0,1,0,0,0,1
777,0,0,0,0,0,0,0,0,0,0,0,0,0,0,0,0,0,1,0
778,1,1,1,0,0,1,0,1,1,1,0,1,0,0,0,1,0,0,0
779,1,0,0,0,0,0,0,1,0,0,0,1,0,0,0,0,0,0,0
780,1,0,1,0,0,0,0,1,0,1,1,1,1,1,0,0,1,0,1
781,1,0,1,0,1,1,1,0,1,1,0,0,1,0,0,0,1,0,0
782,1,0,0,1,0,0,0,0,0,1,0,1,0,0,0,0,1,1,1
783,0,1,0,1,0,0,0,0,0,0,1,0,1,1,1,1,1,0,0
784,0,0,1,1,0,0,0,0,0,0,1,0,1,0,0,1,1,0,0
785,0,0,0,0,0,0,0,0,0,0,0,0,1,0,0,0,0,1,1
786,1,1,0,0,0,0,1,0,0,1,1,0,0,1,0,0,0,0,0
787,1,0,0,0,0,0,0,0,1,0,0,1,0,0,0,1,1,1,1
788,0,0,0,0,0,1,0,0,0,0,0,0,1,0,0,0,0,0,0
789,0,0,1,0,1,1,1,1,1,0,0,1,0,0,0,0,1,1,0
790,0,0,0,0,0,0,1,0,0,1,1,0,0,1,0,1,1,0,0
791,0,0,0,0,0,0,1,0,0,0,0,0,1,1,0,0,0,0,0
792,0,1,0,1,0,0,0,0,0,0,0,0,0,1,0,1,0,0,0
793,0,0,1,1,1,0,0,0,1,1,0,0,0,1,1,0,1,0,1
794,0,0,0,1,1,1,1,1,0,0,0,0,0,0,0,0,0,0,1
795,0,0,0,0,0,0,0,0,1,0,0,0,1,0,0,0,0,1,0
796,1,0,0,0,1,1,1,0,0,1,1,1,1,0,0,1,0,1,0
797,0,1,0,0,0,0,0,0,0,0,0,1,0,0,0,1,0,0,0
798,0,0,1,0,0,1,0,1,1,1,0,0,1,0,1,0,0,0,0
799,0,1,0,0,0,0,0,1,0,0,1,1,0,0,1,1,0,0,1
800,0,1,1,0,0,0,0,0,0,1,1,1,0,1,0,0,0,0,1
801,0,0,1,0,0,0,0,0,0,0,0,0,0,0,0,0,0,0,0
802,1,0,0,0,0,1,1,1,1,1,0,1,0,0,0,0,0,0,0
803,0,1,0,1,1,0,1,0,0,0,0,0,0,0,0,0,1,0,1
804,1,0,0,0,1,0,1,1,0,0,0,0,1,0,0,0,1,0,0
805,0,0,0,0,0,0,0,1,1,1,0,1,1,0,1,1,0,1,0
806,1,0,0,0,0,0,1,0,0,0,0,0,0,1,0,0,0,0,0
807,1,0,1,0,1,1,1,0,1,1,1,0,0,1,0,0,0,0,1
808,1,0,0,0,0,1,1,0,0,0,0,0,0,1,1,0,1,0,1
809,0,0,0,1,0,1,1,0,0,0,0,0,0,0,1,0,0,0,0
810,0,1,0,1,1,1,0,1,0,0,0,1,1,0,0,0,1,1,0
811,1,0,0,0,1,0,0,0,0,1,1,0,1,0,0,0,0,1,0
812,0,0,0,0,0,0,0,0,0,0,0,0,0,0,1,0,0,0,0
813,0,1,0,0,1,0,0,0,0,0,1,1,0,0,1,0,0,0,0
814,0,0,0,0,0,0,1,0,0,0,0,0,1,0,1,0,0,0,1
815,1,0,1,0,1,0,0,1,0,0,1,0,1,0,1,0,1,0,0
816,0,0,1,0,0,0,1,0,0,0,0,0,1,1,1,0,1,0,0
817,0,1,0,0,1,0,0,1,0,0,0,0,1,1,1,0,0,1,1
818,0,0,1,0,0,1,0,0,0,0,0,0,1,0,0,0,0,0,0
819,0,0,1,1,0,1,0,0,0,1,1,0,1,1,0,0,1,1,1
820,1,0,1,0,0,0,0,1,0,0,0,0,0,0,0,0,0,0,1
821,0,0,0,0,0,0,1,0,0,0,1,0,0,1,0,1,1,1,1
822,0,0,1,0,0,0,0,1,0,0,1,0,0,1,0,1,0,1,0
823,1,0,0,0,1,0,0,0,0,0,1,0,1,0,0,1,0,0,0
824,0,1,0,0,1,0,1,0,0,0,0,1,0,0,1,1,0,1,1
825,0,0,0,0,0,0,0,0,0,0,1,0,0,0,0,0,0,0,0
826,0,0,0,0,0,0,0,0,0,0,0,0,1,0,0,0,0,0,0
827,0,0,1,0,0,1,0,0,0,0,0,0,0,1,0,0,0,1,1
828,0,0,1,0,1,0,0,0,0,0,0,0,0,1,0,1,0,0,0
829,0,0,0,0,0,0,0,1,0,0,0,0,0,0,0,1,0,0,0
830,0,0,0,0,0,0,0,1,0,0,0,1,0,0,0,0,0,0,0
831,0,1,1,0,0,0,1,0,1,0,0,1,0,0,1,0,0,0,0
832,0,1,0,0,0,1,1,0,0,0,0,0,0,1,1,1,0,0,0
833,0,0,1,0,1,0,0,0,1,0,0,0,1,0,1,1,1,0,1
834,1,1,0,0,0,1,1,0,0,0,1,0,1,0,0,1,0,0,1
835,0,1,0,0,0,0,0,0,1,1,1,1,0,0,1,1,1,0,0
836,0,0,0,0,1,0,0,0,0,0,0,0,0,0,0,0,0,0,0
837,0,0,1,0,0,0,0,0,0,0,0,0,1,1,1,1,0,0,0
838,0,0,0,0,0,0,1,0,0,0,0,1,0,1,0,1,1,1,0
839,0,1,1,0,0,0,1,0,0,0,0,1,0,1,1,0,0,1,0
840,0,0,0,0,0,0,0,0,0,0,0,0,0,0,0,1,0,0,0
841,0,1,0,1,0,0,0,0,1,0,0,1,0,0,0,0,0,0,0
842,0,0,0,0,0,0,0,0,1,0,1,0,0,0,0,0,0,0,1
843,0,0,0,1,0,0,0,0,0,1,0,0,0,0,0,0,1,0,0
844,0,0,0,0,0,0,1,0,1,0,1,0,0,0,1,0,0,0,0
845,1,0,0,0,0,0,0,1,0,1,1,0,1,0,1,0,1,0,1
846,0,1,0,0,0,1,0,0,0,0,0,0,1,0,0,0,0,1,0
847,0,0,0,0,1,0,0,0,1,1,0,0,1,0,1,0,0,0,0
848,0,1,1,1,1,0,1,0,0,1,1,0,1,1,1,0,0,0,0
849,0,1,1,0,1,0,1,0,0,0,1,1,0,1,0,1,1,0,0
850,0,0,1,1,0,0,1,0,0,0,1,0,0,1,0,1,0,0,0
851,0,0,1,0,0,0,0,0,0,0,0,0,0,0,0,0,0,0,0
852,0,1,0,0,0,0,0,0,0,1,1,0,0,1,0,0,0,0,0
853,0,0,0,0,0,0,0,1,1,0,1,0,0,1,0,0,0,0,0
854,1,0,0,1,0,0,0,1,1,1,1,0,0,0,0,1,1,1,1
855,0,1,0,0,0,0,0,0,1,0,1,0,0,1,0,0,0,1,0
856,1,0,0,0,0,1,1,0,1,1,0,0,0,0,1,0,0,0,0
857,0,0,1,0,1,0,0,0,0,0,0,0,0,0,0,0,0,1,0
858,1,0,1,0,0,0,0,0,0,0,0,0,0,0,0,0,1,0,0
859,0,0,0,0,0,0,1,1,0,1,0,1,1,1,1,0,0,1,1
860,0,0,0,0,1,1,1,0,0,1,0,1,1,0,0,1,1,1,1
861,0,0,1,0,0,0,0,1,0,1,1,1,0,0,1,0,0,0,1
862,0,0,0,0,1,0,1,1,1,0,1,1,1,0,1,0,0,1,1
863,1,0,0,1,0,0,1,0,1,0,0,0,0,0,0,0,0,1,0
864,0,0,0,0,0,0,0,0,1,1,0,0,0,0,1,0,0,0,0
865,0,1,0,0,0,0,0,0,1,0,0,0,0,0,0,0,0,0,0
866,0,0,1,0,0,0,0,1,0,0,0,1,0,0,0,1,0,0,1
867,0,0,0,1,0,0,0,0,0,0,0,0,0,0,0,0,0,0,0
868,1,1,0,0,0,0,0,0,0,1,0,0,0,0,1,1,1,1,1
869,1,0,1,0,0,0,0,0,1,0,0,0,1,0,0,0,0,1,1
870,0,1,1,0,0,1,0,1,1,1,0,0,0,0,1,0,0,0,0
871,1,0,0,0,1,0,0,0,0,0,0,1,0,0,1,1,0,1,1
872,0,0,1,1,1,0,0,0,0,0,1,1,1,1,0,1,0,1,0
873,0,1,1,1,0,0,1,0,1,1,0,0,0,1,0,1,0,1,0
874,1,0,1,0,1,1,0,1,1,0,1,0,0,0,1,1,1,0,0
875,0,1,1,0,1,1,1,0,0,0,1,1,0,0,1,0,0,1,1
876,0,0,0,0,0,0,0,0,0,0,1,0,0,0,0,0,0,0,0
877,0,1,0,0,0,0,1,1,0,0,0,1,0,0,0,1,1,0,1
878,0,0,0,0,0,0,0,1,1,1,0,0,0,1,1,1,0,1,1
879,0,1,0,0,1,1,0,0,0,0,0,0,1,0,0,0,0,0,0
880,0,0,0,0,0,0,0,1,1,0,1,0,0,0,1,0,1,1,0
881,1,1,0,1,1,0,1,1,0,1,0,0,1,1,0,0,0,0,0
882,0,1,0,0,0,0,0,1,0,1,0,0,1,1,0,0,1,1,1
883,0,0,1,1,0,0,0,0,1,0,0,0,0,1,0,1,0,0,1
884,0,0,0,1,0,1,0,0,1,0,1,1,1,0,0,0,0,1,1
885,1,0,1,0,0,1,1,1,0,0,0,1,1,0,0,0,0,0,0
886,0,0,0,0,0,1,0,0,1,1,0,0,1,1,1,1,0,0,0
887,0,0,0,0,0,1,1,1,0,1,1,1,0,1,1,0,0,0,1
888,0,0,0,0,0,0,0,0,0,0,1,0,0,0,1,0,1,0,0
889,0,0,0,1,0,0,0,1,0,0,1,0,1,0,1,1,0,0,0
890,0,0,0,1,0,0,1,1,0,0,1,0,0,0,0,0,1,1,0
891,0,0,1,0,0,0,0,0,0,0,0,0,0,1,0,0,0,0,0
892,1,1,1,0,0,0,0,1,0,0,1,1,1,0,0,0,0,1,0
893,0,0,0,0,0,0,0,0,0,1,0,0,0,0,0,0,0,1,0
894,0,1,0,1,0,0,0,1,0,0,1,0,1,0,1,1,0,1,1
895,0,1,1,0,0,0,0,1,0,0,1,1,0,0,0,0,0,0,0
896,0,0,0,1,1,0,1,1,1,0,0,0,1,0,1,0,0,0,1
897,0,1,0,1,1,1,0,0,0,1,0,0,0,1,1,1,0,1,0
898,0,0,1,1,0,1,0,0,0,0,0,0,1,0,0,0,0,0,0
899,0,0,0,0,0,0,0,0,0,0,0,0,0,0,1,1,0,1,1
900,0,1,1,0,0,1,0,1,1,0,0,0,1,1,1,0,0,1,1
901,1,0,0,0,0,1,0,0,0,1,0,0,0,1,0,0,0,0,0
902,1,0,0,1,0,0,1,1,0,1,1,0,0,1,0,0,1,0,1
903,0,1,0,1,0,0,0,0,0,0,0,0,1,0,0,0,1,0,0
904,0,0,0,1,0,1,0,1,0,0,0,0,0,0,0,1,0,0,0
905,0,0,1,0,0,1,0,1,1,1,1,0,0,1,0,0,0,0,0
906,0,0,1,0,1,1,1,1,0,1,1,1,0,1,0,0,0,0,1
907,0,0,0,0,0,1,0,0,0,0,0,0,0,0,1,0,0,0,0
908,0,0,1,0,1,1,1,1,0,0,0,0,0,1,0,1,0,1,1
909,0,0,0,0,0,0,0,0,0,0,0,0,0,0,0,0,1,0,0
910,0,0,1,1,0,1,0,0,0,1,1,1,1,0,0,1,0,0,1
911,1,1,1,1,1,0,0,0,0,1,0,0,1,1,0,0,1,0,0
912,1,0,0,0,0,0,0,0,0,0,1,0,0,0,0,0,0,0,0
913,0,0,0,0,0,1,1,0,1,1,1,0,0,0,1,1,1,0,0
914,0,1,1,0,0,0,1,0,0,0,0,0,1,0,1,1,1,0,1
915,0,1,1,0,0,0,1,0,1,1,0,0,1,1,0,0,0,1,1
916,0,0,0,1,0,1,0,1,1,0,0,0,1,1,0,0,1,1,1
917,1,0,0,0,0,0,0,1,0,1,0,0,0,0,0,0,0,1,0
918,0,0,0,1,0,0,0,0,0,0,0,0,0,0,0,0,0,0,0
919,0,0,0,1,0,0,0,0,0,0,0,0,0,0,0,0,0,0,0
920,0,1,0,0,0,1,0,0,1,0,0,0,0,1,0,0,0,0,0
921,0,1,0,1,0,0,1,1,1,1,0,1,0,0,1,0,1,1,0
922,1,1,0,1,0,1,0,0,0,0,1,0,1,0,1,0,0,0,0
923,0,0,1,1,0,0,0,0,0,1,1,0,0,0,0,0,0,0,0
924,0,0,1,0,1,1,0,1,1,1,0,0,0,1,1,0,1,0,0
925,0,0,0,0,0,0,0,0,0,0,0,0,0,1,0,0,0,0,0
926,0,0,0,0,0,0,0,0,0,0,0,1,0,0,1,0,0,1,0
927,1,0,0,0,0,0,0,0,0,0,0,0,0,0,0,0,0,0,0
928,1,0,0,0,1,0,1,0,0,0,0,0,0,1,0,0,1,1,1
929,0,1,0,0,0,0,1,0,0,1,0,0,0,1,0,0,0,0,0
930,0,1,0,0,1,1,0,0,0,1,0,1,1,0,1,0,0,0,0
931,1,0,1,0,1,0,0,0,1,0,0,0,0,0,0,0,0,1,0
932,1,0,0,1,0,1,0,1,1,0,0,1,1,0,0,1,0,0,1
933,0,0,1,0,1,1,0,1,0,1,0,1,0,1,0,0,0,0,1
934,1,0,1,1,0,0,0,0,0,0,0,0,1,0,0,0,0,0,1
935,1,1,0,1,1,0,1,0,1,1,0,1,0,0,1,0,1,0,0
936,1,0,0,0,0,0,0,0,0,0,0,1,0,0,0,0,0,0,0
937,0,0,0,0,1,0,1,0,0,0,0,0,0,0,0,0,0,0,0
938,0,1,1,1,0,0,0,0,1,0,1,0,0,0,0,0,1,0,1
939,0,0,1,0,1,0,1,0,0,0,0,1,0,0,0,0,1,0,1
940,0,0,0,1,1,0,1,1,1,0,1,1,1,0,0,1,1,0,0
941,1,0,0,1,0,0,0,0,0,0,1,1,1,0,1,1,0,0,0
942,1,1,0,0,1,1,0,1,1,0,1,0,0,1,0,1,0,1,0
943,0,1,0,1,1,1,0,0,0,0,0,0,0,0,0,0,1,0,1
944,0,0,0,0,0,0,0,0,0,0,0,1,0,0,0,0,0,0,1
945,0,0,1,1,0,0,0,0,0,0,0,0,0,0,0,0,0,0,0
946,0,1,0,1,1,1,0,1,1,1,0,0,1,1,1,0,0,0,0
947,0,1,0,1,1,1,0,1,0,0,1,0,1,0,0,0,0,0,0
948,0,0,0,0,1,0,0,0,0,1,1,0,0,0,0,0,0,0,0
949,0,0,0,1,0,0,0,1,0,0,0,1,1,1,0,0,1,1,0
950,0,0,0,1,0,0,0,1,1,0,0,0,1,1,1,1,0,1,0
951,1,0,0,0,1,1,1,1,0,0,0,0,1,1,0,1,1,0,1
952,1,0,0,0,1,0,0,0,1,0,0,1,0,1,0,0,0,0,1
953,0,0,0,1,1,0,0,0,0,0,1,1,0,0,1,0,1,0,0
954,1,0,0,0,0,0,0,0,0,0,0,0,0,0,1,1,0,0,1
955,1,0,1,0,0,0,1,1,0,1,1,0,1,0,0,0,0,1,0
956,1,0,1,1,1,0,0,1,1,0,1,0,0,1,1,0,0,1,0
957,1,0,0,1,0,0,0,0,1,0,1,0,0,0,0,1,0,0,0
958,1,1,1,0,0,0,0,0,0,1,0,1,0,0,0,1,0,0,0
959,0,1,0,0,0,0,0,0,0,0,1,0,0,0,1,0,0,0,0
960,0,0,1,0,0,0,0,0,0,0,0,0,0,0,1,0,0,1,1
961,1,0,0,0,1,0,0,0,0,1,0,0,0,1,0,1,0,1,1
962,0,1,1,0,1,0,0,1,1,0,1,0,1,0,0,0,0,1,1
963,0,0,0,0,0,0,0,0,0,0,1,0,0,0,0,0,0,0,0
964,0,1,0,0,0,0,0,0,1,0,0,0,0,0,0,0,0,0,0
965,0,0,0,0,0,0,0,0,1,0,0,0,0,1,0,0,0,0,0
966,1,0,0,1,0,1,1,0,0,1,0,0,0,0,1,0,1,0,1
967,0,1,0,0,1,1,0,1,0,0,0,1,0,1,0,1,1,0,0
968,0,0,0,1,0,0,0,0,0,0,1,0,0,0,0,0,0,0,0
969,0,1,1,0,1,1,1,0,0,0,0,0,0,0,0,1,1,1,0
970,0,1,0,1,0,0,0,0,1,0,0,0,0,0,1,1,1,0,0
971,1,0,0,0,0,0,0,0,1,0,0,0,1,0,0,0,0,0,0
972,0,0,1,0,0,1,0,0,0,0,0,0,0,0,1,0,0,0,0
973,1,1,1,0,0,1,0,1,1,0,0,1,0,1,0,0,0,1,1
974,0,0,0,0,0,0,0,0,0,0,0,0,0,0,1,0,0,0,0
975,0,1,0,0,1,1,0,0,0,0,0,0,1,0,1,0,0,1,1
976,0,0,0,0,0,0,1,0,0,0,0,1,0,0,0,0,0,0,0
977,1,0,0,0,0,1,1,1,0,0,0,0,1,1,0,0,0,1,0
978,0,0,0,0,0,0,0,0,0,1,0,0,1,0,1,0,0,0,1
979,0,0,0,1,0,0,1,0,1,1,1,0,0,1,0,1,0,1,0
980,0,0,0,0,1,0,0,0,0,0,0,0,0,0,0,0,0,0,0
981,0,0,0,0,0,0,0,1,1,1,1,0,0,0,0,1,0,0,1
982,0,1,1,0,1,1,0,0,1,0,0,0,0,1,0,0,0,0,0
983,0,0,0,1,0,1,0,0,1,1,1,1,1,0,0,0,1,0,1
984,0,1,0,0,1,1,1,0,0,1,1,0,1,0,1,0,0,0,1
985,1,0,1,1,0,0,1,0,0,0,0,0,0,1,1,1,0,0,1
986,0,1,0,0,1,0,0,0,1,1,0,1,1,0,0,0,0,0,0
987,0,0,1,0,1,0,0,0,0,1,0,0,1,1,0,1,1,1,1
988,0,0,0,1,0,1,0,1,1,0,0,1,1,0,1,0,0,0,0
989,0,0,0,1,0,1,0,1,0,0,1,0,0,1,1,0,1,1,1
990,1,0,1,1,0,1,0,0,0,0,1,0,0,0,0,0,0,1,0
991,0,0,0,0,0,0,0,0,0,0,0,1,1,0,1,0,0,0,1
992,0,0,1,0,0,0,0,1,0,1,1,1,1,0,1,0,1,1,0
993,1,0,0,0,1,1,0,1,1,0,1,1,1,0,0,0,0,1,1
994,0,1,0,0,0,0,0,0,0,0,0,0,0,0,0,0,0,0,0
995,0,0,0,0,0,0,0,0,0,0,1,0,0,0,0,1,0,0,0
996,0,0,0,0,0,1,1,0,0,1,1,1,0,0,0,0,1,0,0
997,0,0,0,0,0,0,0,0,0,0,0,1,0,0,0,0,0,0,0
998,0,0,1,0,0,0,0,0,0,0,0,0,0,0,0,0,0,0,0
999,0,0,1,1,0,0,0,0,0,0,1,0,1,0,1,1,0,0,0
